{"cameraMode":{"drawMode":0,"name":"Shaded","section":"Shading Mode"},"sceneLighting":false,"audioPlay":false,"sceneViewState":{"showFog":true,"showMaterialUpdate":false,"showSkybox":false,"showFlares":true,"showImageEffects":true,"showParticleSystems":true},"in2DMode":false,"pivot":{"x":0.0,"y":1.2000000476837159,"z":-6.788193702697754},"rotation":{"x":0.0024737026542425157,"y":0.39318719506263735,"z":0.0010578128276392818,"w":-0.9194545745849609},"size":9.589410781860352,"orthographic":false}