{"cameraMode":{"drawMode":0,"name":"Shaded","section":"Shading Mode"},"sceneLighting":true,"audioPlay":false,"sceneViewState":{"showFog":true,"showMaterialUpdate":false,"showSkybox":true,"showFlares":true,"showImageEffects":true,"showParticleSystems":true},"in2DMode":false,"pivot":{"x":-6.38956356048584,"y":16.014644622802736,"z":5.4709930419921879},"rotation":{"x":-0.12348492443561554,"y":0.8683202266693115,"z":-0.3975047171115875,"w":-0.2697434425354004},"size":1.250614047050476,"orthographic":false}